Chiplet ID,Tile ID,HW Type,SA_size_x,SA_size_y,n_SA,prec,Clock Frequency (Hz)
C1,T4,SA,373,16,2,8,2000000000.0
C1,T9,SA,373,16,2,8,2000000000.0
C1,T14,SA,373,16,2,8,2000000000.0
C1,T19,SA,373,16,2,8,2000000000.0
C1,T26,SA,373,16,2,8,2000000000.0
C1,T31,SA,373,16,2,8,2000000000.0
C1,T36,SA,373,16,2,8,2000000000.0
C1,T43,SA,373,16,2,8,2000000000.0
C1,T48,SA,373,16,2,8,2000000000.0
C1,T55,SA,373,16,2,8,2000000000.0
C1,T62,SA,373,16,2,8,2000000000.0
C1,T67,SA,373,16,2,8,2000000000.0
C1,T72,SA,373,16,2,8,2000000000.0
C1,T79,SA,373,16,2,8,2000000000.0
C1,T84,SA,373,16,2,8,2000000000.0
C1,T91,SA,373,16,2,8,2000000000.0
C1,T98,SA,373,16,2,8,2000000000.0
C1,T103,SA,373,16,2,8,2000000000.0
C1,T110,SA,373,16,2,8,2000000000.0
C1,T117,SA,373,16,2,8,2000000000.0
C1,T122,SA,373,16,2,8,2000000000.0
C1,T127,SA,373,16,2,8,2000000000.0
C1,T134,SA,373,16,2,8,2000000000.0
C1,T139,SA,373,16,2,8,2000000000.0
C1,T146,SA,373,16,2,8,2000000000.0
C1,T153,SA,373,16,2,8,2000000000.0
C1,T158,SA,373,16,2,8,2000000000.0
C1,T165,SA,373,16,2,8,2000000000.0
C1,T172,SA,373,16,2,8,2000000000.0
C1,T177,SA,373,16,2,8,2000000000.0
C1,T184,SA,373,16,2,8,2000000000.0
C1,T191,SA,373,16,2,8,2000000000.0
C1,T196,SA,373,16,2,8,2000000000.0
C1,T201,SA,373,16,2,8,2000000000.0
C1,T208,SA,373,16,2,8,2000000000.0
C1,T213,SA,373,16,2,8,2000000000.0
C1,T220,SA,373,16,2,8,2000000000.0
C1,T227,SA,373,16,2,8,2000000000.0
C1,T232,SA,373,16,2,8,2000000000.0
C1,T239,SA,373,16,2,8,2000000000.0
C1,T246,SA,373,16,2,8,2000000000.0
C1,T251,SA,373,16,2,8,2000000000.0
C1,T256,SA,373,16,2,8,2000000000.0
C1,T263,SA,373,16,2,8,2000000000.0
C1,T268,SA,373,16,2,8,2000000000.0
C1,T275,SA,373,16,2,8,2000000000.0
C1,T282,SA,373,16,2,8,2000000000.0
C1,T287,SA,373,16,2,8,2000000000.0
C1,T294,SA,373,16,2,8,2000000000.0
C1,T301,SA,373,16,2,8,2000000000.0
C1,T306,SA,373,16,2,8,2000000000.0
C1,T311,SA,373,16,2,8,2000000000.0
C1,T318,SA,373,16,2,8,2000000000.0
